,SparkID,Полное наименование,Краткое наименование,Наименование на англ.,ИНН,КПП,ОГРН,Дата регистрации,Генеральный директор,Юридический адрес,Сайт,EMAIL,Телефоны,ОКВЭД_Код,ОКВЭД_Наименование,"тип МСП: 1-ЮЛ, 2-ИП",категория МСП,ПП
40,425932.0,"ОБЩЕСТВО С ОГРАНИЧЕННОЙ ОТВЕТСТВЕННОСТЬЮ ""СТРОИТЕЛЬНО-ИНВЕСТИЦИОННОЕ ПРЕДПРИЯТИЕ ""БИЛДИНГ""","ООО ""СИП ""БИЛДИНГ""","OOO ""SIP ""DUILDING""",7725082042,772501001,1027739824078,1997-02-20,Семенов Антон Юрьевич,"115280, г. Москва, ул. Ленинская Слобода, д. 9",woodwindows.ru,info@woodwindows.ru,+7 (495) 4285922;,16.23.1,Производство деревянных строительных конструкций и столярных изделий,1,2,нет
64,11652662.0,"ОБЩЕСТВО С ОГРАНИЧЕННОЙ ОТВЕТСТВЕННОСТЬЮ ""ТАЙМЛОГИСТИК""","ООО ""ТАЙМЛОГИСТИК""","OOO ""TAIMLOGISTIK""",7751078846,775101001,1177746994512,2017-09-22,РУНДА ЕЛЕНА АЛЕКСАНДРОВНА,"ГОРОД МОСКВА, ГОРОД ТРОИЦК, БУЛЬВАР ТРОИЦКИЙ, ДОМ 7, ПОМ V КОМНАТА 3",,,9256363464,16.23.1,Производство деревянных строительных конструкций и столярных изделий,1,1,нет
123,10469076.0,"ОБЩЕСТВО С ОГРАНИЧЕННОЙ ОТВЕТСТВЕННОСТЬЮ ""ХАРВАСТПРОМ""","ООО ""ХАРВАСТПРОМ""","OOO ""KHARVASTPROM""",7707361597,770701001,1167746214514,2016-02-29,Подарикова Дина Сергеевна,"127055, г. Москва, туп. Тихвинский 1-Й, д. 5-7 пом. I ком. 8",harvast.ru,,+7 (499) 272 48 77; +7 (916) 300 66 76;,16.10,Распиловка и строгание древесины,1,2,нет
233,5035218.0,"ОБЩЕСТВО С ОГРАНИЧЕННОЙ ОТВЕТСТВЕННОСТЬЮ ""ИНТЕГРАЛ""","ООО ""ИНТЕГРАЛ""",INTEGRAL,7726525000,772601001,1057747618367,2005-07-28,Гулейков Дмитрий Владимирович,"117405, г. Москва, шоссе Варшавское, д. 125",,,+7 (495) 319 64 27; +7 (926) 971 36 63;,16.29,"роизводство прочих деревянных изделий; производство изделий из пробки, соломки и материалов для плетения",1,1,нет
522,10478502.0,"ОБЩЕСТВО С ОГРАНИЧЕННОЙ ОТВЕТСТВЕННОСТЬЮ ""КЕДРСТРОЙКОМПЛЕКС""","ООО ""КЕДРСТРОЙКОМПЛЕКС""","OOO ""KEDRSTROIKOMPLEKS""",7714377333,771401001,1167746236019,2016-03-09,Зубов Дмитрий Вячеславович,"125252, г. Москва, ул. Авиаконструктора Микояна, д. 14 корп. 2 пом. I ком. 3",,,,16.23,Производство прочих деревянных строительных конструкций и столярных изделий,1,1,нет
726,5384746.0,"ОБЩЕСТВО С ОГРАНИЧЕННОЙ ОТВЕТСТВЕННОСТЬЮ ""ДЕКОН""","ООО ""ДЕКОН""","OOO ""DEKON""",7743591839,774301001,1067746490624,2006-04-13,КУЗНЕЦОВ ВЯЧЕСЛАВ ВЛАДИСЛАВОВИЧ,"ГОРОД МОСКВА, УЛИЦА АДМИРАЛА МАКАРОВА, ДОМ 6, СТРОЕНИЕ 13, ЭТАЖ 1 ЧАСТЬ ПОМЕЩЕНИЕ 58",decon.ru,info@decon.ru,+7 (495) 2252222;,16.23.1,Производство деревянных строительных конструкций и столярных изделий,1,3,да
848,10050783.0,"ОБЩЕСТВО С ОГРАНИЧЕННОЙ ОТВЕТСТВЕННОСТЬЮ ""ПАРКЕТМАСТЕР""","ООО ""ПАРКЕТМАСТЕР""","OOO ""PARKETMASTER""",7724330849,772401001,1157746773678,2015-08-21,БУРЦЕВ СЕРГЕЙ ЮРЬЕВИЧ,"ГОРОД МОСКВА, УЛИЦА БИРЮЛЁВСКАЯ, ДОМ 24, КОРПУС 1, ПОМЕЩЕНИЕ 3К3 ОФ 26",,,,16.23.1,Производство деревянных строительных конструкций и столярных изделий,1,1,нет
876,4880388.0,"ОБЩЕСТВО С ОГРАНИЧЕННОЙ ОТВЕТСТВЕННОСТЬЮ ""АРТЛЮКС""","ООО ""АРТЛЮКС""","OOO ""ARTLYUKS""",7710537674,771001001,1047796256452,2004-04-15,НОМОКОНОВА АНАСТАСИЯ ВЯЧЕСЛАВОВНА,"ГОРОД МОСКВА, УЛИЦА ГРУЗИНСКАЯ Б., 39, СТР.1",,,+7 (495) 383 25 23;,16.29.14,"Производство деревянных рам для картин, фотографий, зеркал или аналогичных предметов и прочих изделий из дерева",1,1,нет
955,6812009.0,"ОБЩЕСТВО С ОГРАНИЧЕННОЙ ОТВЕТСТВЕННОСТЬЮ ""ГЕЛЕОС""","ООО ""ГЕЛЕОС""","OOO ""GELEOS""",7714758699,771401001,5087746429469,2008-11-18,Ванчугова Наталья Николаевна,"123290, г. Москва, туп. Магистральный 1-Й, д. 11 стр.1",,,,16.10,Распиловка и строгание древесины,1,1,нет
970,8026528.0,"ОБЩЕСТВО С ОГРАНИЧЕННОЙ ОТВЕТСТВЕННОСТЬЮ ""САНТЕХМЕТАЛЛОСЕРВИС-МОСКВА""","ООО ""САНТЕХМЕТАЛЛОСЕРВИС-МОСКВА""","OOO ""SANTEKHMETALLOSERVIS-MOSKVA""",7743826760,774301001,1117746646929,,Чанышев Артур Равильевич,"г. Москва, ул. Петрозаводская, д. 9 корп. 2 офис 8",santehmetservis.ru,,"4957721909, 4999912399",16.23.1,Производство деревянных строительных конструкций и столярных изделий,1,1,нет
1182,136061.0,"ОБЩЕСТВО С ОГРАНИЧЕННОЙ ОТВЕТСТВЕННОСТЬЮ ""ХУДОЖЕСТВЕННО - ПРОИЗВОДСТВЕННАЯ ФИРМА ""БАГЕТ""","ООО ХПФ ""БАГЕТ""","OOO KHPF ""BAGET""",7726057232,772401001,1027700111450,1992-06-14,БЕГИДЖАНОВ ЗУРАБ АРТЕМОВИЧ,"117405, г. Москва, ул. Газопровод, д. 6Б",http://www.ooo-baget.ru/,info@ooo-baget.ru ,+7 (495) 7784500;,16.29.14,"Производство деревянных рам для картин, фотографий, зеркал или аналогичных предметов и прочих изделий из дерева",1,2,нет
1207,9167737.0,"ОБЩЕСТВО С ОГРАНИЧЕННОЙ ОТВЕТСТВЕННОСТЬЮ ""ТАРУС""","ООО ""ТАРУС""","OOO ""TARUS""",7751518180,775101001,1147746056094,2014-01-29,"Управляющая компания МОСКОВСКИЙ ЮРЦЕНТР ТНГС, ООО","142167, г. Москва, Роговское поселение, д. Васюнино, д. 1А",,,,16.10.1,"Производство пиломатериалов, кроме профилированных, толщиной более 6 мм; производство непропитанных железнодорожных и трамвайных шпал из древесины",1,1,нет
1224,11390160.0,"ОБЩЕСТВО С ОГРАНИЧЕННОЙ ОТВЕТСТВЕННОСТЬЮ ""ОПТИМА""","ООО ""ОПТИМА""","OOO ""OPTIMA""",7725359495,772501001,1177746206505,2017-03-02,ВЕРБИНА ТАИСИЯ ВЛАДИМИРОВНА,"ГОРОД МОСКВА, УЛИЦА ДУБИНИНСКАЯ, ДОМ 57, СТРОЕНИЕ 2, ПОМ/ОФИС III / 204.11",,,+7 (916) 834 70 92;,16.24,Производство деревянной тары,1,1,нет
1325,8413593.0,"ОБЩЕСТВО С ОГРАНИЧЕННОЙ ОТВЕТСТВЕННОСТЬЮ ""СЕРЕНИТИ""","ООО ""СЕРЕНИТИ""","OOO ""SERENITI""",7725761090,772501001,1127746517557,2012-07-04,Самсонов Игорь Валентинович,"115114, г. Москва, набережная Даниловская, д. 8 стр.29А",,,,16.23.1,Производство деревянных строительных конструкций и столярных изделий,1,1,нет
1490,8049983.0,"ОБЩЕСТВО С ОГРАНИЧЕННОЙ ОТВЕТСТВЕННОСТЬЮ ПРОИЗВОДСТВЕННОЕ ОБЪЕДИНЕНИЕ ""ДРУИД""","ООО ПО ""ДРУИД""","OOO PO ""DRUID""",7726682116,772601001,1117746694229,2011-09-01,Цымбал Никита Сергеевич,"117105, г. Москва, шоссе Варшавское, д. 33 стр.5",,,,16.10,Распиловка и строгание древесины,1,1,нет
1891,10599741.0,"ОБЩЕСТВО С ОГРАНИЧЕННОЙ ОТВЕТСТВЕННОСТЬЮ ""ВУДВОРКЕР""","ООО ""ВУДВОРКЕР""","OOO ""VUDVORKER""",7735153091,773501001,1167746498787,2016-05-25,Пейдус Василий Игоревич,"124498, г. Москва, г. Зеленоград корп. 435 ком. 2",,,,16.29.1,Производство прочих деревянных изделий,1,1,нет
2115,10902016.0,"ОБЩЕСТВО С ОГРАНИЧЕННОЙ ОТВЕТСТВЕННОСТЬЮ ""ДИВАРТ ДЕКОР""","ООО ""ДИВАРТ ДЕКОР""","OOO ""DIVART DEKOR""",7702409848,770201001,5167746393667,2016-11-30,ГЮМЮШ ЙАСИР,"ГОРОД МОСКВА, УЛИЦА РОЖДЕСТВЕНКА, ДОМ 5/7, СТРОЕНИЕ 2, ПОМЕЩЕНИЕ V КОМНАТА 7 ЭТАЖ 3",,,,16.29.14,"Производство деревянных рам для картин, фотографий, зеркал или аналогичных предметов и прочих изделий из дерева",1,1,нет
2278,11562952.0,"ОБЩЕСТВО С ОГРАНИЧЕННОЙ ОТВЕТСТВЕННОСТЬЮ ""СТРОЙСЕРВИС""","ООО ""СТРОЙСЕРВИС""","OOO ""STROISERVIS""",7716863547,771601001,1177746672476,,Степанов Дмитрий Сергеевич,"г. Москва, проезд Олонецкий, д. 18 корп. 1 пом. III",,,,16.24,Производство деревянной тары,1,1,нет
2306,11555617.0,"ОБЩЕСТВО С ОГРАНИЧЕННОЙ ОТВЕТСТВЕННОСТЬЮ ""РЕГИОНЭНЕРГОСТРОЙ""","ООО ""РЕГИОНЭНЕРГОСТРОЙ""","OOO ""REGIONENERGOSTROI""",7708321251,770801001,1177746642589,,Новиков Константин Викторович,"г. Москва, ул. Краснопрудная, д. 12/1 стр. 1 пом. 38 ком. 3",,,4959989039,16.23.1,Производство деревянных строительных конструкций и столярных изделий,1,1,нет
2458,414788.0,"ЗАКРЫТОЕ АКЦИОНЕРНОЕ ОБЩЕСТВО ""ПРОМЫШЛЕННО-СТРОИТЕЛЬНАЯ КОМПАНИЯ ""СТРОЙИНВЕСТ""","ЗАО ""ПСК ""СТРОЙИНВЕСТ""","AO ""PSK ""STROIINVEST""",7726233022,770301001,1037739370426,1996-10-15,Феофанов Сергей Николаевич,"123100, г. Москва, проезд Шмитовский, д. 13",www.st-verstak.ru,st-verstak@mail.ru,+7 (495) 5509494;,16.23,Производство прочих деревянных строительных конструкций и столярных изделий,1,1,нет
2489,516738.0,"ОБЩЕСТВО С ОГРАНИЧЕННОЙ ОТВЕТСТВЕННОСТЬЮ ""СОЗИДАНИЕ ТВ""","ООО ""СОЗИДАНИЕ ТВ""",General Peat Company Ltd,7704196176,503801001,1037739055353,1999-02-22,Тебякин Вадим Евгеньевич,"141260, Московская обл, Пушкинский район, рабочий пос. Правдинский, ул. Фабричная, д. 4",,,+7 (499) 255 30 78;,16.23.1,Производство деревянных строительных конструкций и столярных изделий,1,1,нет
2502,8817914.0,"ОБЩЕСТВО С ОГРАНИЧЕННОЙ ОТВЕТСТВЕННОСТЬЮ ""МАСТЕР""","ООО ""МАСТЕР""","OOO ""MASTER""",7704831131,770401001,1137746258022,2013-03-25,Зорин Александр Александрович,"119019, г. Москва, ул. Арбат, д. 1 этаж 1 пом. IV ком. 1",,,+7 (925) 895 91 16;,16.29.14,"Производство деревянных рам для картин, фотографий, зеркал или аналогичных предметов и прочих изделий из дерева",1,1,нет
2781,5667537.0,"ОБЩЕСТВО С ОГРАНИЧЕННОЙ ОТВЕТСТВЕННОСТЬЮ ""ФОРСКЛАД""","ООО ""ФОРСКЛАД""","OOO ""FORSKLAD""",7724600510,773101001,1067760776819,2006-12-08,Каперская Ульяна Владимировна,"121359, г. Москва, ул. Партизанская, д. 40 кв. 109",forsklad.ru,,+7 (495) 7110140;,16.23.2,Производство сборных деревянных строений,1,1,нет
2782,5134539.0,"ОБЩЕСТВО С ОГРАНИЧЕННОЙ ОТВЕТСТВЕННОСТЬЮ ""ЕВРО-ТАРА""","ООО ""ЕВРО-ТАРА""","OOO ""EVRO-TARA""",7724561268,772401001,1057749114224,2005-11-17,Дмитриев Виталий Анатольевич,"115477, г. Москва, ул. Деловая, д. 20",www.euro-tara.ru,office@euro-tara.ru ,+7 (495) 5898845;,16.24,Производство деревянной тары,1,1,нет
2894,9761070.0,"ОБЩЕСТВО С ОГРАНИЧЕННОЙ ОТВЕТСТВЕННОСТЬЮ ""ФАДОМ""","ООО ""ФАДОМ""","OOO ""FADOM""",7713390660,772901001,1157746095540,2015-02-11,САМСОНОВ ЮРИЙ АЛЕКСЕЕВИЧ,"ГОРОД МОСКВА, УЛИЦА ЛЕНИНСКИЕ ГОРЫ, ВЛАДЕНИЕ 1, СТРОЕНИЕ 75-Б, ЭТ 2 ПОМ 5",,,,16.23.1,Производство деревянных строительных конструкций и столярных изделий,1,1,нет
2983,10643506.0,"ОБЩЕСТВО С ОГРАНИЧЕННОЙ ОТВЕТСТВЕННОСТЬЮ ""ДО-ПРОФ""","ООО ""ДО-ПРОФ""","OOO ""DO-PROF""",7704361824,770401001,1167746587964,2016-06-22,ЯБЛОКОВ ЮРИЙ АЛЕКСЕЕВИЧ,"ГОРОД МОСКВА, БУЛЬВАР НОВИНСКИЙ, ДОМ 18, СТРОЕНИЕ 1, ПОМЕЩЕНИЕ VIII",,,,16.23.1,Производство деревянных строительных конструкций и столярных изделий,1,1,нет
3165,11456845.0,"ОБЩЕСТВО С ОГРАНИЧЕННОЙ ОТВЕТСТВЕННОСТЬЮ ""СВАЙВИНТСТРОЙ""","ООО ""СВАЙВИНТСТРОЙ""","OOO ""SVAIVINTSTROI""",7708315018,770801001,1177746374178,2017-04-12,ЯНДРИНСКИЙ АЛЕКСАНДР СЕРГЕЕВИЧ,"ГОРОД МОСКВА, УЛИЦА КРАСНОСЕЛЬСКАЯ ВЕРХН., ДОМ 13, СТРОЕНИЕ 1, ПОМЕЩЕНИЕ 14-15",,,+7 (495) 409 53 30;,16.23.1,Производство деревянных строительных конструкций и столярных изделий,1,1,нет
3166,11472643.0,"ОБЩЕСТВО С ОГРАНИЧЕННОЙ ОТВЕТСТВЕННОСТЬЮ ""СТРОЙ-ДВОР""","ООО ""СТРОЙ-ДВОР""","OOO ""STROI-DVOR""",7709999346,770901001,1177746418794,2017-04-24,ХРЮКИН АЛЕКСАНДР РОМАНОВИЧ,"ГОРОД МОСКВА, УЛИЦА ПОКРОВКА, ДОМ 2/1, СТРОЕНИЕ 2, ЭТ 4 ПОМ 1 КАБ 4",,,+7 (925) 997 45 42;,16.23.2,Производство сборных деревянных строений,1,1,нет
3254,8119324.0,"ОБЩЕСТВО С ОГРАНИЧЕННОЙ ОТВЕТСТВЕННОСТЬЮ ""СТАНДАРТ ВУД""","ООО ""СТАНДАРТ ВУД""","OOO ""STANDART VUD""",7701936746,770101001,1117746857524,2011-10-27,Савинцев Владимир Николаевич,"105094, г. Москва, ул. Гольяновская, д. 3А корп. 3 пом. VI; ком. 2",standartwood.ru,,+7 (925) 145 58 09; +7 (926) 316 33 53;,16.1,Распиловка и строгание древесины,1,1,нет
3329,335953.0,"ОБЩЕСТВО С ОГРАНИЧЕННОЙ ОТВЕТСТВЕННОСТЬЮ ""МДФ-ТЕХНО""","ООО ""МДФ-ТЕХНО""","OOO ""MDF-TEKHNO""",7709037050,770901001,1027739757792,2002-12-11,ДУШИЧЕВ АЛЕКСЕЙ НИКОЛАЕВИЧ,"ГОРОД МОСКВА, УЛИЦА РАДИЩЕВСКАЯ ВЕРХН., 15",,,,16.10,Распиловка и строгание древесины,1,1,нет
3927,8266780.0,"ОБЩЕСТВО С ОГРАНИЧЕННОЙ ОТВЕТСТВЕННОСТЬЮ ""КОНСТАНТА""","ООО ""КОНСТАНТА""","OOO ""KONSTANTA""",7705978401,770501001,1127746122624,2012-02-24,Егельский Александр Евгеньевич,"109074, г. Москва, проезд Китайгородский, д. 9 стр.2",,,,16.10,Распиловка и строгание древесины,1,1,нет
4157,4648224.0,"ОБЩЕСТВО С ОГРАНИЧЕННОЙ ОТВЕТСТВЕННОСТЬЮ ""КОМПАНИЯ АЛЮСТЭМ""","ООО ""АЛЮСТЭМ""",ALUSTEM LTD.,7715557561,771501001,1057746442742,2005-03-16,ГОНЧАРОВ СЕРГЕЙ АЛЕКСАНДРОВИЧ,"ГОРОД МОСКВА, УЛИЦА НОВОДМИТРОВСКАЯ Б., 14, 2",www.alustem.ru,alustem@alustem.ru,+7 (901) 530 01 09; +7 (495) 737 33 79;,16.23,Производство прочих деревянных строительных конструкций и столярных изделий,1,1,нет
4196,1407195.0,"ОБЩЕСТВО С ОГРАНИЧЕННОЙ ОТВЕТСТВЕННОСТЬЮ ""ВИ.АЙ.ПИ. РЕНЕССАНС""","ООО ""ВИ.АЙ.ПИ. РЕНЕССАНС""",W.I.P.RENAISSANCE,7727206712,772701001,1037739497256,2003-02-07,БОГДАНОВ ВАДИМ ГЕННАДЬЕВИЧ,"ГОРОД МОСКВА, УЛИЦА НОВОЧЕРЁМУШКИНСКАЯ, ЗА, 1, 18",lucky-yachts.ru,,+7 (495) 223 42 06; +7 (495) 355 93 09;,16.29.1,Производство прочих деревянных изделий,1,1,нет
4233,7673916.0,"ОБЩЕСТВО С ОГРАНИЧЕННОЙ ОТВЕТСТВЕННОСТЬЮ ""МЕГАВОЛЬТ""","ООО ""МЕГАВОЛЬТ""","OOO ""MEGAVOLT""",7715835547,500301001,1107746895354,2010-11-02,Бикмурзин Дмитрий Разифович,"142702, Московская обл, Ленинский район, г. Видное, проезд Футбольный 2-Й, д. 11",мегаволт.рф,,+7 (965) 112 10 65;,16.10,Распиловка и строгание древесины,1,1,нет
4309,5416970.0,"ОБЩЕСТВО С ОГРАНИЧЕННОЙ ОТВЕТСТВЕННОСТЬЮ ""РУССКИЙ ЛЕС""","ООО ""РУССКИЙ ЛЕС""","OOO ""RUSSKI LES""",7715603754,771501001,1067746641500,2006-05-29,КОНОНОВ АНДРЕЙ ВИКТОРОВИЧ,"ГОРОД МОСКВА, УЛИЦА ИЛИМСКАЯ, 4, 186",,ruslesan@inbox.ru,+7 (499) 209 34 46;,16.1,Распиловка и строгание древесины,1,1,да
4359,335721.0,"ОБЩЕСТВО С ОГРАНИЧЕННОЙ ОТВЕТСТВЕННОСТЬЮ ПРОИЗВОДСТВЕННО-КОММЕРЧЕСКАЯ ФИРМА ""БАСТ""","ООО ПКФ ""БАСТ""","OOO PKF ""BAST""",7731180376,773101001,1027739754756,1994-09-12,БАНИН ВИКТОР НИКОЛАЕВИЧ,"121609, г. Москва, шоссе Рублёвское, д. 30 корп. 2 кв. 176",,,+7 (495) 125 02 31 ;,16.10.1,"Производство пиломатериалов, кроме профилированных, толщиной более 6 мм; производство непропитанных железнодорожных и трамвайных шпал из древесины",1,1,нет
4365,8602383.0,"ОБЩЕСТВО С ОГРАНИЧЕННОЙ ОТВЕТСТВЕННОСТЬЮ ""ГРУППА КОМПАНИЙ ""ТЕХНОЛОГИЯ""","ООО ""ГРУППА КОМПАНИЙ ""ТЕХНОЛОГИЯ""","OOO ""GRUPPA KOMPANI ""TEKHNOLOGIYA""",7721772920,772101001,1127747070329,2012-10-23,Христофорова Лидия Евгеньевна,"109156, г. Москва, ул. Генерала Кузнецова, д. 18 корп. 2 пом. XXIII",,,+7 (909) 646 64 49;,16.23,Производство прочих деревянных строительных конструкций и столярных изделий,1,1,нет
4460,106192.0,"ОБЩЕСТВО С ОГРАНИЧЕННОЙ ОТВЕТСТВЕННОСТЬЮ ""ФИРМА ""СТЕЛЛА""","ООО ""ФИРМА ""СТЕЛЛА""","OOO ""FIRMA ""STELLA""",7708007454,502701001,1027739709612,2002-12-05,НЕПОЧАТОВА СВЕТЛАНА НИКОЛАЕВНА,"ОБЛАСТЬ МОСКОВСКАЯ, РАЙОН ЛЮБЕРЕЦКИЙ, ПОСЕЛОК КРАСКОВО, ПРОЕЗД НОВО-МАРУСИНСКИЙ, ДОМ 2/1, КАБИНЕТ 201",www.stella-drev.ru,,+7 (495) 745 38 22;,16.23,Производство прочих деревянных строительных конструкций и столярных изделий,1,1,нет
4925,5026074.0,"ОБЩЕСТВО С ОГРАНИЧЕННОЙ ОТВЕТСТВЕННОСТЬЮ ""Л.ТЭЙСИ""","ООО ""Л.ТЭЙСИ""","OOO ""L.TEISI""",7743568413,774301001,1057748011936,2005-08-29,Горбачева Лариса Николаевна,"125581, г. Москва, ул. Ляпидевского, д. 16",,,+7 (495) 601 75 02; +7 (495) 601 76 48;,16.29,"роизводство прочих деревянных изделий; производство изделий из пробки, соломки и материалов для плетения",1,1,нет
4988,11409953.0,"ОБЩЕСТВО С ОГРАНИЧЕННОЙ ОТВЕТСТВЕННОСТЬЮ ""КОСМОГРУПП""","ООО ""КОСМОГРУПП""","OOO ""KOSMOGRUPP""",7725361110,772501001,1177746238680,2017-03-13,МОЛЯКОВА ЕЛЕНА БОРИСОВНА,"ГОРОД МОСКВА, ПЕРЕУЛОК КОЖЕВНИЧЕСКИЙ 2-Й, ДОМ 1, КОМНАТА 11",,,+7(965)2527400,16.10,Распиловка и строгание древесины,1,1,нет
5020,10712413.0,"ОБЩЕСТВО С ОГРАНИЧЕННОЙ ОТВЕТСТВЕННОСТЬЮ ""БОСЫ""","ООО ""БОСЫ""","OOO ""BOSY""",7716830968,771601001,1167746747134,2016-08-09,БАСАЙ ЕВГЕНИЙ ЮРЬЕВИЧ,"ГОРОД МОСКВА, ПРОЕЗД АНАДЫРСКИЙ, ДОМ 21, ПОМЕЩЕНИЕ VI КОМН 6",,,+7(915)3868009,16.29,"роизводство прочих деревянных изделий; производство изделий из пробки, соломки и материалов для плетения",1,1,нет
5165,7273080.0,"ОБЩЕСТВО С ОГРАНИЧЕННОЙ ОТВЕТСТВЕННОСТЬЮ ""МААНХОНКА МСК""","ООО ""МААНХОНКА МСК""","OOO ""MAANKHONKA MSK""",7719739178,771901001,1097746809577,2009-12-16,Фирисюк Станислав Федорович,"105318, г. Москва, ул. Ткацкая, д. 5 стр.3",,,,16.23,Производство прочих деревянных строительных конструкций и столярных изделий,1,1,нет
5166,8107222.0,"ОБЩЕСТВО С ОГРАНИЧЕННОЙ ОТВЕТСТВЕННОСТЬЮ ""ПРОФПАЛЛЕТ""","ООО ""ПРОФПАЛЛЕТ""","OOO ""PROFPALLET""",7718863790,771801001,1117746834920,2011-10-20,Юсупов Амир Алиевич,"ГОРОД МОСКВА, УЛИЦА СУВОРОВСКАЯ, 6, СТР.5",,,,16.24,Производство деревянной тары,1,1,нет
5168,8532972.0,"ОБЩЕСТВО С ОГРАНИЧЕННОЙ ОТВЕТСТВЕННОСТЬЮ ""МАЙ""","ООО ""МАЙ""","OOO ""MAI""",7728817295,772801001,1127746676551,2012-08-28,Евдокимова Оксана Михайловна,"117593, г. Москва, проезд Соловьиный, д. 8 стр.2",,,,16.1,Распиловка и строгание древесины,1,1,нет
5298,6119567.0,"ОБЩЕСТВО С ОГРАНИЧЕННОЙ ОТВЕТСТВЕННОСТЬЮ ""АЛЬ-ВИТРО""","ООО ""АЛЬ-ВИТРО""","OOO ""AL-VITRO""",7719650353,771901001,1077760665553,2007-09-27,Желудько Сергей Владимирович,"107023, г. Москва, пер. Барабанный, д. 4",,,,16.29.1,Производство прочих деревянных изделий,1,1,нет
5626,4559115.0,"ОБЩЕСТВО С ОГРАНИЧЕННОЙ ОТВЕТСТВЕННОСТЬЮ ""ГЕОКОН""","ООО ""ГЕОКОН""","OOO ""GEOKON""",7717524191,771701001,1057746038019,2005-01-13,Бражников Александр Олегович,"129626, г. Москва, ул. Староалексеевская, д. 7 пом. №4 ком. №5",,,+7 (926) 945 20 51;,16.21,"Производство шпона, фанеры, деревянных плит и панелей",1,1,нет
5641,6987733.0,"ОБЩЕСТВО С ОГРАНИЧЕННОЙ ОТВЕТСТВЕННОСТЬЮ ""ТАНАИС-СБ""","ООО ""ТАНАИС-СБ""","OOO ""TANAIS-SB""",7727685470,772701001,1097746108130,2009-03-02,Еремин Александр Николаевич,"117216, г. Москва, ул. Грина, д. 9",,,,16.1,Распиловка и строгание древесины,1,1,нет
5700,1588122.0,"ОБЩЕСТВО С ОГРАНИЧЕННОЙ ОТВЕТСТВЕННОСТЬЮ ""ОГБИЗ""","ООО ""ОГБИЗ""","OGBIZ, LTD",7702332190,770201001,1037739684894,2002-03-19,Зарецкий Александр Викторович,"129110, г. Москва, ул. Трифоновская, д. 56 кв. 144",,,+7 (495) 222 22 22; +7 (495) 799 05 89; +7 (495) 681 52 78;,16.10.9,Предоставление услуг по пропитке древесины,1,1,нет
5853,9997145.0,"ОБЩЕСТВО С ОГРАНИЧЕННОЙ ОТВЕТСТВЕННОСТЬЮ ""МОСТОК Б2""","ООО ""МОСТОК Б2""","OOO ""MOSTOK B2""",7710499362,771001001,1157746638983,2015-07-15,РЕЩИКОВ АНДРЕЙ ЮРЬЕВИЧ,"ГОРОД МОСКВА, УЛИЦА ФАДЕЕВА, ДОМ 7, СТРОЕНИЕ 1, ОФИС 2",,,+7(903)9601429,16.29.14,"Производство деревянных рам для картин, фотографий, зеркал или аналогичных предметов и прочих изделий из дерева",1,1,нет
5875,8083298.0,"ОБЩЕСТВО С ОГРАНИЧЕННОЙ ОТВЕТСТВЕННОСТЬЮ ""М8""","ООО ""М8""","OOO ""M8""",7716699022,771601001,1117746767698,2011-09-29,ЛЕЩЕНКО МИХАИЛ АЛЕКСАНДРОВИЧ,"ГОРОД МОСКВА, УЛИЦА ЛЁТЧИКА БАБУШКИНА, 1, 3, ОФИС 7",,,,16.23,Производство прочих деревянных строительных конструкций и столярных изделий,1,1,нет
5891,11916056.0,"ОБЩЕСТВО С ОГРАНИЧЕННОЙ ОТВЕТСТВЕННОСТЬЮ ""ЭВЕРЕСТ""","ООО ""ЭВЕРЕСТ""","OOO ""EVEREST""",7702431755,770201001,1187746484177,2018-05-17,НИКИФОРОВ ВИТАЛИЙ СЕРГЕЕВИЧ,"ГОРОД МОСКВА, ПЕРЕУЛОК НАПРУДНЫЙ, ДОМ 10, СТРОЕНИЕ 2, ЭТАЖ 2, КОМ. 4, РМ 3",,,,16.23.1,Производство деревянных строительных конструкций и столярных изделий,1,1,нет
5985,10030382.0,"ОБЩЕСТВО С ОГРАНИЧЕННОЙ ОТВЕТСТВЕННОСТЬЮ ""САПФИР""","ООО ""САПФИР""","OOO ""SAPFIR""",7713402410,771301001,1157746726917,2015-08-07,ПЕНКРАТ ВАЛЕРИЙ АЛЕКСАНДРОВИЧ,"ГОРОД МОСКВА, УЛИЦА ЛОБНЕНСКАЯ, ДОМ 14А",,,,16.23,Производство прочих деревянных строительных конструкций и столярных изделий,1,1,нет
6168,9934844.0,"ОБЩЕСТВО С ОГРАНИЧЕННОЙ ОТВЕТСТВЕННОСТЬЮ ""МОНТАЖНО- СТРОИТЕЛЬНАЯ КОМПАНИЯ ""ПРИВОЛЬЕ""","ООО МСК  ""ПРИВОЛЬЕ""","OOO MSK ""PRIVOLE""",7718133056,771801001,1157746299182,2015-04-02,МАСАНОВИЧ АНДРЕЙ СЕРГЕЕВИЧ,"ГОРОД МОСКВА, ПРОЕЗД ИРТЫШСКИЙ 2-Й, ДОМ 4Б, СТРОЕНИЕ 5",,,,16.23,Производство прочих деревянных строительных конструкций и столярных изделий,1,1,нет
6183,7693998.0,"ОБЩЕСТВО С ОГРАНИЧЕННОЙ ОТВЕТСТВЕННОСТЬЮ ""ПРОФИ-ВУД""","ООО ""ПРОФИ-ВУД""",PROFY-WOOD,7701898498,773401001,1107746972145,2010-11-29,Федорова Ольга Андреевна,"123298, г. Москва, ул. Маршала Бирюзова, д. 1 корп. 1 ком. 3",,,,16.1,Распиловка и строгание древесины,1,1,нет
6546,8939156.0,"ОБЩЕСТВО С ОГРАНИЧЕННОЙ ОТВЕТСТВЕННОСТЬЮ ""ФАНОПТТОРГ""","ООО ""ФАНОПТТОРГ""","OOO ""FANOPTTORG""",7708793945,770801001,1137746671171,2013-08-01,Капируля Владимир Викторович,"107140, г. Москва, ул. Краснопрудная, д. 12/1 стр. 1 пом. 15;17",,,,16.10,Распиловка и строгание древесины,1,1,нет
6610,1355820.0,"ОБЩЕСТВО С ОГРАНИЧЕННОЙ ОТВЕТСТВЕННОСТЬЮ ""АЛГОР-ПРОМ""","ООО ""АЛГОР-ПРОМ""","OOO ""ALGOR-PROM""",7705163007,772901001,1037739334698,1997-10-15,Гордиенко Александр Владимирович,"119602, г. Москва, ул. Академика Анохина, д. 38 корп. 2 кв. 171",,,+7 (495) 430 38 53;,16.10,Распиловка и строгание древесины,1,1,нет
6614,10694546.0,"ОБЩЕСТВО С ОГРАНИЧЕННОЙ ОТВЕТСТВЕННОСТЬЮ ""ЛВР-МЕБЕЛЬ""","ООО ""ЛВР-МЕБЕЛЬ""","OOO ""LVR-MEBEL""",7716830100,771601001,1167746707094,2016-07-27,МОЖАЕВ АЛЕКСЕЙ СЕРГЕЕВИЧ,"ГОРОД МОСКВА, УЛИЦА ПАЛЕХСКАЯ, ДОМ 131, ПОМЕЩЕНИЕ I КОМНАТА 9",,,,16.23,Производство прочих деревянных строительных конструкций и столярных изделий,1,1,нет
6827,10835342.0,"ОБЩЕСТВО С ОГРАНИЧЕННОЙ ОТВЕТСТВЕННОСТЬЮ ""КОМПАНИЯ МЕРАН""","ООО ""КОМПАНИЯ МЕРАН""","OOO ""KOMPANIYA MERAN""",7720357790,772001001,5167746257861,2016-10-26,Мудров Роман Игоревич,"105118, г. Москва, ул. Буракова, д. 14 стр. 1 пом. 3 ком.Н 2",,,,16.29,"роизводство прочих деревянных изделий; производство изделий из пробки, соломки и материалов для плетения",1,1,нет
7282,9889214.0,"ОБЩЕСТВО С ОГРАНИЧЕННОЙ ОТВЕТСТВЕННОСТЬЮ ТОРГОВО-ПРОИЗВОДСТВЕННАЯ КОМПАНИЯ ""СМОЛЕНСКИЙ ЛЕС""","ООО ТПК ""СМОЛЕНСКИЙ ЛЕС""","OOO TPK ""SMOLENSKI LES""",7728231542,772801001,1157746356030,2015-04-17,Леонченко Андрей Владимирович,"117133, г. Москва, ул. Академика Варги, д. 28 кв. 37",,,,16.10,Распиловка и строгание древесины,1,1,нет
7289,6379034.0,"ОБЩЕСТВО С ОГРАНИЧЕННОЙ ОТВЕТСТВЕННОСТЬЮ НПО ""АК ПРОМСТРОЙ""","ООО НПО ""АК ПРОМСТРОЙ""","OOO NPO ""AK PROMSTROI""",7721615589,500801001,1087746367862,2008-03-17,Тельнов Александр Владимирович,"141700, Московская обл, г. Долгопрудный, проезд Строителей, д. 14",,,+7 (499) 879 88 56;,16.10.9,Предоставление услуг по пропитке древесины,1,1,нет
7468,8087177.0,"ОБЩЕСТВО С ОГРАНИЧЕННОЙ ОТВЕТСТВЕННОСТЬЮ ""СТИЛ-ТРЕЙД""","ООО ""СТИЛ-ТРЕЙД""","OOO ""STIL-TREID""",7701934160,770101001,1117746785199,2011-10-05,Кривда Виктор Сергеевич,"105094, г. Москва, ул. Гольяновская, д. 3А корп. 3 пом. VI ком.1",,,,16.1,Распиловка и строгание древесины,1,1,нет
7523,9300306.0,"ОБЩЕСТВО С ОГРАНИЧЕННОЙ ОТВЕТСТВЕННОСТЬЮ ""ДЕЛЬФА КОМПАНИ""","ООО ""ДЕЛЬФА КОМПАНИ""","OOO ""DELFA KOMPANI""",7713788122,771301001,1147746480903,2014-04-30,САВЕЛЬЕВ РОМАН АЛЕКСЕЕВИЧ,"ГОРОД МОСКВА, УЛИЦА ИЖОРСКАЯ, ДОМ 8, СТРОЕНИЕ 2",,,+7 (495) 795 52 93; +7 (962) 922 75 74;,16.23.2,Производство сборных деревянных строений,1,1,да
7900,8055445.0,"ОБЩЕСТВО С ОГРАНИЧЕННОЙ ОТВЕТСТВЕННОСТЬЮ ""НЬЮ ХОУМ ИНДАСТРИЗ""","ООО ""НХИ""","OOO ""NKHI""",7728782677,772801001,1117746706835,2011-09-07,Корсаненков Алексей Дмитриевич,"117593, г. Москва, проезд Соловьиный, д. 2 офис 1",2150444.ru,,+7 (495) 2155777; +7 (495) 2322435;,16.1,Распиловка и строгание древесины,1,2,нет
7955,8724446.0,"ОБЩЕСТВО С ОГРАНИЧЕННОЙ ОТВЕТСТВЕННОСТЬЮ ""ПРОИЗВОДСТВЕННО ТОРГОВАЯ КОМПАНИЯ ""ФОРТУНА""","ООО ""ПТК ""ФОРТУНА""","OOO ""PTK ""FORTUNA""",7718919996,772101001,1137746083573,2013-02-05,КАРАБЕКОВА САБИНА АЛАДДИН КЫЗЫ,"ГОРОД МОСКВА, ПРОСПЕКТ РЯЗАНСКИЙ, ДОМ 10, СТРОЕНИЕ 18, ЭТ 9/ПОМ 11/МЕСТ №4",,,,16.29.1,Производство прочих деревянных изделий,1,2,нет
28,2265281.0,"ОБЩЕСТВО С ОГРАНИЧЕННОЙ ОТВЕТСТВЕННОСТЬЮ ""АЛЕСТОН""","ООО ""АЛЕСТОН""","OOO ""ALESTON""",7706555913,770601001.0,1047796809730.0,2004-10-25,БЫЛЕВСКИЙ АНТОН ГЕННАДЬЕВИЧ,"ГОРОД МОСКВА, ПРОСПЕКТ ЛЕНИНСКИЙ, 4А, СТР.1",,,,16.23,Производство прочих деревянных строительных конструкций и столярных изделий,,,нет
54,4277633.0,"ОБЩЕСТВО С ОГРАНИЧЕННОЙ ОТВЕТСТВЕННОСТЬЮ ""АЛЬФА-ГАРАНТ""","ООО ""АЛЬФА-ГАРАНТ""","OOO ""ALFA-GARANT""",7701505524,770101001.0,1037739903783.0,2003-10-13,Виноградов Антон Сергеевич,"105064, г. Москва, туп. Басманный, 6А-стр.1",,,+7 (495) 772 82 76;,16.10.2,"Производство пиломатериалов, профилированных по кромке; производство древесного полотна, древесной муки; производство технологической щепы или стружки",,,нет
61,4669292.0,"ОБЩЕСТВО С ОГРАНИЧЕННОЙ ОТВЕТСТВЕННОСТЬЮ ""НИКО""","ООО ""НИКО""",NIKO,7743557411,774301001.0,1057746738488.0,2005-04-21,Никитин Геннадий Валентинович,"125171, г. Москва, проезд Войковский 1-Й, д. 6 корп. 1 кв. 12",,,+7 (499) 150 60 59;,16.23,Производство прочих деревянных строительных конструкций и столярных изделий,,,нет
346,6328366.0,"ОБЩЕСТВО С ОГРАНИЧЕННОЙ ОТВЕТСТВЕННОСТЬЮ ""ТЕХНОДРЕВ""","ООО ""ТЕХНОДРЕВ""","OOO ""TEKHNODREV""",7705827106,770501001.0,1087746129899.0,2008-01-29,Фомкин Игорь Николаевич,"115093, г. Москва, ул. Люсиновская, д. 11/12 стр.1",,,+7 (495) 996 45 65;,16.10,Распиловка и строгание древесины,,,нет
391,9187927.0,"ОБЩЕСТВО С ОГРАНИЧЕННОЙ ОТВЕТСТВЕННОСТЬЮ ""ЭЛИТ ЛЕС СТРОЙ""","ООО ""ЭЛИТ ЛЕС СТРОЙ""","OOO ""ELIT LES STROI""",7721821976,772101001.0,1147746120851.0,2014-02-13,ПОДГОРНЫЙ АЛЕКСАНДР ИВАНОВИЧ,"ГОРОД МОСКВА, ПРОСПЕКТ РЯЗАНСКИЙ, ДОМ 91, КОРПУС 1, ОФИС 11",,,+7 (499) 347 77 19;,16.10,Распиловка и строгание древесины,,,нет
686,6960628.0,"ОБЩЕСТВО С ОГРАНИЧЕННОЙ ОТВЕТСТВЕННОСТЬЮ ""ЗЕЛЕНЫЙ БОР""","ООО ""ЗЕЛЕНЫЙ БОР""",ZELENY BOR,7705884520,770501001.0,1097746165373.0,2009-03-25,Исаев Андрей Владимирович,"115093, г. Москва, ул. Серпуховская Б, д. 44 офис 19",,,,16.1,Распиловка и строгание древесины,,,нет
703,6214404.0,"ОБЩЕСТВО С ОГРАНИЧЕННОЙ ОТВЕТСТВЕННОСТЬЮ ""СОБЕРИ МЕБЕЛЬ САМ""","ООО ""СМС""",SMS,7723639049,772301001.0,1077763456715.0,2007-12-05,КУЗНЕЦОВ ДМИТРИЙ АЛЕКСЕЕВИЧ,"ГОРОД МОСКВА, ПРОЕЗД УГРЕШСКИЙ 3-Й, 6, СТР.5",,,+7 (381) 251 25 05;,16.29.1,Производство прочих деревянных изделий,,,нет
792,8359269.0,"ОБЩЕСТВО С ОГРАНИЧЕННОЙ ОТВЕТСТВЕННОСТЬЮ ""ТНК-СТРОЙТЕХ""","ООО ""ТНК-СТРОЙТЕХ""","OOO ""TNK-STROITEKH""",7714872095,771401001.0,1127746346090.0,2012-05-02,Элбакян Эдгар Сергоевич,"125319, г. Москва, ул. Аэропортовская 1-Я, д. 6 пом. VI ком. 1-4",,,,16.23.1,Производство деревянных строительных конструкций и столярных изделий,,,нет
821,8071098.0,"ОБЩЕСТВО С ОГРАНИЧЕННОЙ ОТВЕТСТВЕННОСТЬЮ ""СПАНОЛЮКС""","ООО ""СПАНОЛЮКС""","LIMITED LIABILITY COMPANY ""SPANOLUX""",7706762370,470301001.0,1117746755323.0,2011-09-26,РЫБАКОВ ПАВЕЛ ГЕННАДЬЕВИЧ,"ОБЛАСТЬ ЛЕНИНГРАДСКАЯ, РАЙОН ВСЕВОЛОЖСКИЙ, ДЕРЕВНЯ НОВОСАРАТОВКА, УЧАСТОК 1, КОРПУС 3, ПОМЕЩЕНИЕ 5-Н",,,+7 (831) 324 91 00; +7 (495) 625 34 76;,16.23.1,Производство деревянных строительных конструкций и столярных изделий,,,нет
906,5805415.0,"ОБЩЕСТВО С ОГРАНИЧЕННОЙ ОТВЕТСТВЕННОСТЬЮ ""ВАКУУМ ТЕРМ""","ООО ""ВАКУУМ ТЕРМ""","OOO ""VAKUUM TERM""",7730561918,773001001.0,5077746826405.0,2007-05-24,Лытмарь Станислав Валерьевич,"121151, г. Москва, ул. Дорогомиловская Б, д. 7/2 кв. 101",,,,16.10,Распиловка и строгание древесины,,,нет
928,515185.0,"ОБЩЕСТВО С ОГРАНИЧЕННОЙ ОТВЕТСТВЕННОСТЬЮ ""ФОРМ-ЛЮКС""","ООО ""ФОРМ-ЛЮКС""","OOO ""FORM-LYUKS""",7716171634,771601001.0,1037739114082.0,1998-10-22,Балин Александр Сергеевич,"129336, г. Москва, ул. Малыгина, д. 8",,,+7 (499) 167 35 28;,16.23.1,Производство деревянных строительных конструкций и столярных изделий,,,нет
957,3689195.0,"ЗАКРЫТОЕ АКЦИОНЕРНОЕ ОБЩЕСТВО ""ШЭНТАН""","ЗАО ""ШЭНТАН""",SHENTANG JOINT-STOCK COMPANY,7721156624,772101001.0,1027739596587.0,2002-11-21,СУНЬ ХУНМИН,"ГОРОД МОСКВА, УЛИЦА ЗЕЛЕНОДОЛЬСКАЯ, 19, 1",,,,16.29.13,"Производство деревянных статуэток и украшений из дерева, мозаики и инкрустированного дерева, шкатулок, футляров для ювелирных изделий или ножей",,,нет
1112,8935335.0,"ОБЩЕСТВО С ОГРАНИЧЕННОЙ ОТВЕТСТВЕННОСТЬЮ ""АНДРУСС""","ООО ""АНДРУСС""","OOO ""ANDRUSS""",7715970715,771501001.0,1137746647279.0,2013-07-29,ЖИВАЕВ АЛЕКСАНДР ИГОРЕВИЧ,"ГОРОД МОСКВА, УЛИЦА ГОСТИНИЧНАЯ, ДОМ 10 В, СТР 2",,,,16.23,Производство прочих деревянных строительных конструкций и столярных изделий,,,нет
1298,6107946.0,"ОБЩЕСТВО С ОГРАНИЧЕННОЙ ОТВЕТСТВЕННОСТЬЮ ""ЭКОПРОМИНДУСТРИЯ""","ООО ""ЭКОПРОМИНДУСТРИЯ""","OOO ""EKOPROMINDUSTRIYA""",7723623698,772301001.0,1077758842303.0,2007-08-08,МИХАЙЛОВ МИХАИЛ АНАТОЛЬЕВИЧ,"ГОРОД МОСКВА, УЛИЦА СОВХОЗНАЯ, 20",,,,16.24,Производство деревянной тары,,,нет
1572,599116.0,"ОБЩЕСТВО С ОГРАНИЧЕННОЙ ОТВЕТСТВЕННОСТЬЮ ""ОРСАЙТ""","ООО ""ОРСАЙТ""","OOO ""ORSAIT""",7702290511,770201001.0,1027739091005.0,2000-05-31,Федотов Анатолий Евгеньевич,"103045, г. Москва, пер. Сергиевский Б, д. 15 корп. 1 кв. 3",,,+7 (495) 933 83 60; +7 (495) 933 83 61;,16.10,Распиловка и строгание древесины,,,нет
1611,442681.0,"ЗАКРЫТОЕ АКЦИОНЕРНОЕ ОБЩЕСТВО ""КНИППИНГ-СВИГ""","ЗАО ""КНИППИНГ-СВИГ""","ZAO ""KNIPPING-SVIG""",7713132429,774301001.0,1027700252997.0,2002-09-26,СЕРГИЕНКО ВЛАДИМИР ИВАНОВНИЧ,"ГОРОД МОСКВА, ПРОЕЗД ИЛЬМЕНСКИЙ, 1, 16",,,+7 (495) 741 28 58; +7 (495) 487 66 14;,16.23.1,Производство деревянных строительных конструкций и столярных изделий,,,нет
1621,7969962.0,"ОБЩЕСТВО С ОГРАНИЧЕННОЙ ОТВЕТСТВЕННОСТЬЮ ""АРТВИЖЕН""","ООО ""АРТВИЖЕН""","OOO ""ARTVIZHEN""",7721726666,772101001.0,1117746430526.0,2011-06-02,Мокшина Елена Ивановна,"119270, г. Москва, ул. Новокузьминская 1-Я, д. 6 корп. 2 пом.IIком.5",,,+7 (925) 507 76 56;,16.29.14,"Производство деревянных рам для картин, фотографий, зеркал или аналогичных предметов и прочих изделий из дерева",,,нет
1673,4212656.0,"ОБЩЕСТВО С ОГРАНИЧЕННОЙ ОТВЕТСТВЕННОСТЬЮ ""КМС""","ООО ""КМС""","OOO ""KMS""",7735116452,773501001.0,1027735009290.0,2002-11-28,Кузенкин Михаил Анатольевич,"124575, г. Москва, г. Зеленоград, ул. Гоголя, д. 11 Б кв. 4",www.kmc-poddon.ru,kmc_2006@mail.ru,+7 (495) 9955740;,16.1,Распиловка и строгание древесины,,,нет
1705,9386541.0,"ОБЩЕСТВО С ОГРАНИЧЕННОЙ ОТВЕТСТВЕННОСТЬЮ ""ВИТРАН""","ООО ""ВИТРАН""","OOO ""VITRAN""",7719880371,771901001.0,1147746617127.0,2014-06-02,Кочетков Денис Сергеевич,"107023, г. Москва, пер. Барабанный, д. 4 стр. 6",,,,16.10,Распиловка и строгание древесины,,,нет
1746,6646941.0,"ОБЩЕСТВО С ОГРАНИЧЕННОЙ ОТВЕТСТВЕННОСТЬЮ ""СЛАВА""","ООО ""СЛАВА""","OOO ""SLAVA""",7720630714,772001001.0,5087746152863.0,2008-09-29,Чарчоглян Сергей Саркисович,"111558, г. Москва, проспект Зелёный, д. 79А",,,+7 (495) 309 22 77;,16.23.2,Производство сборных деревянных строений,,,нет
1930,9337235.0,"ОБЩЕСТВО С ОГРАНИЧЕННОЙ ОТВЕТСТВЕННОСТЬЮ ""ПРОИЗВОДСТВЕННО-КОММЕРЧЕСКОЕ ПРЕДПРИЯТИЕ ""ТЕХКОМ""","ООО ""ПКП ""ТЕХКОМ""",TEKHKOM PKP OOO,7729100430,,1147746173013.0,,Дементьев Андрей Викторович,"г. Москва, ул. Довженко, д. 12 корп. 3 кв. 25",,,,16.23.1,Производство деревянных строительных конструкций и столярных изделий,,,нет
1931,9339160.0,"ОБЩЕСТВО С ОГРАНИЧЕННОЙ ОТВЕТСТВЕННОСТЬЮ ""КАРТАС""","ООО ""КАРТАС""",KARTAS,7718043130,,1147746241851.0,,,"г. Москва, ул. Николая Химушина, д. 2/7",,,4992468011,16,"Обработка древесины и производство изделий из дерева и пробки, кроме мебели, производство изделий из соломки и материалов для плетения",,,нет
1962,8208355.0,"ЗАКРЫТОЕ АКЦИОНЕРНОЕ ОБЩЕСТВО ""ДРЕВМАСТЕР""","ЗАО ""ДРЕВМАСТЕР""","ZAO ""DREVMASTER""",7706768051,770601001.0,1127746009291.0,2012-01-12,Овечкин Юрий Иванович,"119180, г. Москва, ул. Полянка Б, д. 7/10 стр.3 пом.2 ком.17",,,+7 (915) 427 72 00;,16.23,Производство прочих деревянных строительных конструкций и столярных изделий,,,нет
2026,5950367.0,"ОБЩЕСТВО С ОГРАНИЧЕННОЙ ОТВЕТСТВЕННОСТЬЮ ""ЛЕСОРЕСУРС""","ООО ""ЛЕСОРЕСУРС""","OOO ""LESORESURS""",7733592463,773301001.0,1077746217636.0,2007-01-26,Соколов Михаил Александрович,"125310, г. Москва, шоссе Волоколамское, д. 80А",,,+7 (495) 549 10 97;,16.10,Распиловка и строгание древесины,,,нет
2254,7790007.0,"ОБЩЕСТВО С ОГРАНИЧЕННОЙ ОТВЕТСТВЕННОСТЬЮ ""СОВРЕМЕННЫЕ ЛАЗЕРНЫЕ ТЕХНОЛОГИИ""","ООО ""СЛТ""","OOO ""SLT""",7707743074,770701001.0,1117746100273.0,2011-02-15,КОРНЕЕВ ПАВЕЛ НИКОЛАЕВИЧ,"ГОРОД МОСКВА, ПЕРЕУЛОК УГЛОВОЙ, 2, ЭТ.10 ПОМ.22 КОМ.3",,,7748801,16.29.1,Производство прочих деревянных изделий,,,нет
2258,5776990.0,"ОБЩЕСТВО С ОГРАНИЧЕННОЙ ОТВЕТСТВЕННОСТЬЮ ""ДАК-СТРОЙ""","ООО ""ДАК-СТРОЙ""","OOO ""DAK-STROI""",7716577948,771601001.0,5077746797574.0,2007-05-17,Пахомов Игорь Юрьевич,"129345, г. Москва, ул. Осташковская, д. 23 кв. 24",,,+7 (495) 472 45 06;,16.23,Производство прочих деревянных строительных конструкций и столярных изделий,,,нет
2317,5116922.0,"ОБЩЕСТВО С ОГРАНИЧЕННОЙ ОТВЕТСТВЕННОСТЬЮ ""АВЕРС СМ""","ООО ""АВЕРС СМ""","OOO ""AVERS SM""",7728565560,772801001.0,1057749150920.0,2005-11-21,Коваль Лиана Борисовна,"117574, г. Москва, проспект Новоясеневский, д. 4 стр.1",www.averc.ru,info@averc.ru,+7 (495) 631 69 53; +7 (901) 564 75 64;,16.10.1,"Производство пиломатериалов, кроме профилированных, толщиной более 6 мм; производство непропитанных железнодорожных и трамвайных шпал из древесины",,,нет
2576,5594017.0,"ОБЩЕСТВО С ОГРАНИЧЕННОЙ ОТВЕТСТВЕННОСТЬЮ ""ВИНДОРС""","ООО ""ВИНДОРС""",WINDOORS LIMITED LIABILITY COMPANY,7714664842,771401001.0,5067746888611.0,2006-10-03,Шелепов Алексей Николаевич,"125319, г. Москва, ул. Черняховского, д. 5 корп. 1",www.win-doors.ru,info@mtrllc.ru,+7 (495) 7403191;,16.1,Распиловка и строгание древесины,,,нет
2634,9649372.0,"ОБЩЕСТВО С ОГРАНИЧЕННОЙ ОТВЕТСТВЕННОСТЬЮ ""СЕНЕЖ""","ООО ""СЕНЕЖ""","OOO ""SENEZH""",7724947230,772401001.0,5147746440199.0,2014-12-02,Искандаров Зариф Бухадорович,"115230, г. Москва, проезд Хлебозаводский, д. 7 стр. 9 офис 901",,,,16.21,"Производство шпона, фанеры, деревянных плит и панелей",,,нет
3115,2216939.0,"ОБЩЕСТВО С ОГРАНИЧЕННОЙ ОТВЕТСТВЕННОСТЬЮ ""РОССТЭК +""","ООО ""РОССТЭК +""","OOO ""ROSSTEK +""",7715508606,771501001.0,1047796057319.0,2004-02-03,Колесников Виталий Сергеевич,"127562, г. Москва, шоссе Алтуфьевское, д. 28",,,+7 (495) 928 78 39; +7 (495) 628 78 39;,16.10,Распиловка и строгание древесины,,,нет
3348,9696503.0,"ОБЩЕСТВО С ОГРАНИЧЕННОЙ ОТВЕТСТВЕННОСТЬЮ ""ДФ ХАУС""","ООО ""ДФ ХАУС""","OOO ""DF KHAUS""",7704301487,770401001.0,1157746002413.0,2015-01-08,Захваткин Леонид Владимирович,"119019, г. Москва, бульвар Никитский, д. 5 стр. 1 пом. II этаж 2 офис 4",,,,16.23,Производство прочих деревянных строительных конструкций и столярных изделий,,,нет
3625,5586975.0,"ЗАКРЫТОЕ АКЦИОНЕРНОЕ ОБЩЕСТВО ""НИАЛ""","ЗАО ""НИАЛ""","ZAO ""NIAL""",7733578109,773301001.0,5067746424268.0,2006-09-04,ШАНГИН ДАНИЛ ОЛЕГОВИЧ,"ГОРОД МОСКВА, ПРОЕЗД СТРОИТЕЛЬНЫЙ, 7А, 28, ОФИС 120",,,+7 (495) 363 56 68;,16.1,Распиловка и строгание древесины,,,нет
3685,1451356.0,"ЗАКРЫТОЕ АКЦИОНЕРНОЕ ОБЩЕСТВО ""ЛЕСОТЕХНИЧЕСКАЯ КОМПАНИЯ""","ЗАО ""ЛЕСТЕХКОМ""","ZAO ""LESTEKHKOM""",7731263657,773101001.0,1027731007160.0,2002-11-05,Леденев Владимир Владимирович,"121357, г. Москва, ул. Артамонова, д. 16 корп.3",,,+7 (495) 772 63 85;,16.10.1,"Производство пиломатериалов, кроме профилированных, толщиной более 6 мм; производство непропитанных железнодорожных и трамвайных шпал из древесины",,,нет
3738,547085.0,"ОБЩЕСТВО С ОГРАНИЧЕННОЙ ОТВЕТСТВЕННОСТЬЮ ""СЭЛДСТЕН""","ООО ""СЭЛДСТЕН""","OOO ""SELDSTEN""",7708121012,770501001.0,1027700150983.0,1999-10-07,Белкина Анна Владимировна,"115093, г. Москва, ул. Серпуховская Б, д. 30 стр. 2",,,+7 (495) 236 75 10; +7 (495) 203 86 06; +7 (495) 697 86 06;,16.10,Распиловка и строгание древесины,,,нет
3740,916763.0,"ТОВАРИЩЕСТВО С ОГРАНИЧЕННОЙ ОТВЕТСТВЕННОСТЬЮ ""АЛКАД""","ТОО ""АЛКАД""","LLC ""ALCAD""",7712042540,774301001.0,1027739578019.0,2002-11-20,ТАЛАНОВ НИКОЛАС,"ГОРОД МОСКВА, ПРОСПЕКТ ЛЕНИНГРАДСКИЙ, 80, 5",,,,16.10.1,"Производство пиломатериалов, кроме профилированных, толщиной более 6 мм; производство непропитанных железнодорожных и трамвайных шпал из древесины",,,нет
3898,8943471.0,"ОБЩЕСТВО С ОГРАНИЧЕННОЙ ОТВЕТСТВЕННОСТЬЮ ""СМК""","ООО ""СМК""","OOO ""SMK""",7716751160,771601001.0,1137746690476.0,2013-08-05,Низаметдинов Александр Наилевич,"129344, г. Москва, ул. Лётчика Бабушкина, д. 1 корп. 3 пом. VIII ком. 7",,,,16.21,"Производство шпона, фанеры, деревянных плит и панелей",,,нет
4000,10814924.0,"ОБЩЕСТВО С ОГРАНИЧЕННОЙ ОТВЕТСТВЕННОСТЬЮ ""ЕРМАК""","ООО ""ЕРМАК""","OOO ""ERMAK""",7734392403,773401001.0,5167746198120.0,2016-10-11,Ермакова Наталья Николаевна,"123458, г. Москва, ул. Таллинская, д. 16 корп. 1 кв. 332",,,,16.21,"Производство шпона, фанеры, деревянных плит и панелей",1.0,1.0,нет
4028,10947917.0,"ОБЩЕСТВО С ОГРАНИЧЕННОЙ ОТВЕТСТВЕННОСТЬЮ ""ЭТАЛОНЭКСПО""","ООО ""ЭТАЛОНЭКСПО""","OOO ""ETALONEKSPO""",7704386258,770401001.0,5167746505581.0,2016-12-29,Лепшей Сергей Александрович,"119146, г. Москва, проспект Комсомольский, д. 25 корп. 3 пом. IX ком. 2",,,+7 (916) 652 53 20;,16.10,Распиловка и строгание древесины,1.0,1.0,нет
4095,5541627.0,"ОБЩЕСТВО С ОГРАНИЧЕННОЙ ОТВЕТСТВЕННОСТЬЮ АРХИТЕКТУРНАЯ ГРУППА ""ДОНЖОН""","ООО АГ ""ДОНЖОН""","OOO AG ""DONZHON""",7727585267,770301001.0,5067746103013.0,2006-08-14,Бедов Александр Александрович,"121019, г. Москва, бульвар Никитский, д. 15/16 офис 4",ag-donjon.ru,ag.donjon@gmail.com,+7 (495) 6490480;,16.29.1,Производство прочих деревянных изделий,1.0,1.0,нет
4490,11545484.0,"ОБЩЕСТВО С ОГРАНИЧЕННОЙ ОТВЕТСТВЕННОСТЬЮ ""АРТ ИСТОК""","ООО ""АРТ ИСТОК""","OOO ""ART ISTOK""",7716861772,771601001.0,1177746608181.0,,Ширинов Мушвик Назим Оглы,"г. Москва, шоссе Ярославское, д. 6 корп. 1 кв. 118",,,9250220099,16.29.14,"Производство деревянных рам для картин, фотографий, зеркал или аналогичных предметов и прочих изделий из дерева",1.0,1.0,нет
4838,5655286.0,"ОБЩЕСТВО С ОГРАНИЧЕННОЙ ОТВЕТСТВЕННОСТЬЮ ""ЮНИНФОРМ МЕБЕЛЬ""","ООО ""ЮНИНФОРМ МЕБЕЛЬ""","OOO ""YUNINFORM MEBEL""",7717572340,771701001.0,1067759111419.0,2006-11-02,СВЕЧНИКОВ АНДРЕЙ ДМИТРИЕВИЧ,"129226, г. Москва, ул. Сельскохозяйственная, д. 11 корп. 3",,YUNINFORM@MAIL.RU,+7 (985) 233 81 58 ;,16.23,Производство прочих деревянных строительных конструкций и столярных изделий,1.0,1.0,нет
4846,7472182.0,"ОБЩЕСТВО С ОГРАНИЧЕННОЙ ОТВЕТСТВЕННОСТЬЮ ""АКРОДОМ""","ООО ""АКРОДОМ""","OOO ""AKRODOM""",7721693210,772101001.0,1107746381137.0,2010-05-07,РУБЦОВ АЛЕКСЕЙ ВЛАДИМИРОВИЧ,"ГОРОД МОСКВА, УЛИЦА ИНСТИТУТСКАЯ 3-Я, 17, 171",акродом.рф,,+7 (916) 360 27 27;,16.23,Производство прочих деревянных строительных конструкций и столярных изделий,1.0,1.0,нет
4936,9010355.0,"ОБЩЕСТВО С ОГРАНИЧЕННОЙ ОТВЕТСТВЕННОСТЬЮ ""СЕГМА ГРУПП""","ООО ""СЕГМА ГРУПП""","OOO ""SEGMA GRUPP""",7735596470,773501001.0,1137746872581.0,2013-09-23,Манукян Севак Гагикович,"124365, г. Москва, г. Зеленоград, проспект Панфиловский, д. 21 пом. 3, ком. 10",,,,16.23.1,Производство деревянных строительных конструкций и столярных изделий,1.0,1.0,нет
4978,8894648.0,"ОБЩЕСТВО С ОГРАНИЧЕННОЙ ОТВЕТСТВЕННОСТЬЮ ""АРТ-ВУД""","ООО ""АРТ-ВУД""","OOO ""ART-VUD""",7723875085,772301001.0,1137746511594.0,2013-06-17,Клюев Алексей Михайлович,"109383, г. Москва, ул. Шоссейная, д. 90 стр.13",,,+7 (495) 354 01 01;,16.1,Распиловка и строгание древесины,1.0,1.0,нет
5024,9287281.0,"ОБЩЕСТВО С ОГРАНИЧЕННОЙ ОТВЕТСТВЕННОСТЬЮ ""РАДОГОЩЬ""","ООО ""РАДОГОЩЬ""","OOO ""RADOGOSHCH""",7723906463,772301001.0,1147746442909.0,2014-04-21,КУЗЬМИН ОЛЕГ ВАЛЕРЬЕВИЧ,"ГОРОД МОСКВА, ПРОСПЕКТ ВОЛГОГРАДСКИЙ, ДОМ 32, КОРПУС 25, ОФИС 10",,,+7 (926) 729 24 79;,16.23,Производство прочих деревянных строительных конструкций и столярных изделий,1.0,1.0,нет
5048,8303645.0,"ОБЩЕСТВО С ОГРАНИЧЕННОЙ ОТВЕТСТВЕННОСТЬЮ ""ИНР ГРУПП""","ООО ""ИНР ГРУПП""","OOO ""INR GRUPP""",7716711520,771601001.0,1127746183454.0,2012-03-16,Орлов Олег Павлович,"129128, г. Москва, ул. Малахитовая, д. ВЛД27 стр.1",,,,16.23,Производство прочих деревянных строительных конструкций и столярных изделий,1.0,1.0,нет
5079,9990567.0,"ОБЩЕСТВО С ОГРАНИЧЕННОЙ ОТВЕТСТВЕННОСТЬЮ ""НОВЫЕ МАСТЕРСКИЕ""","ООО ""НОВЫЕ МАСТЕРСКИЕ""","OOO ""NOVYE MASTERSKIE""",7720308761,772001001.0,1157746622087.0,2015-07-09,Слепнёв Павел Сергеевич,"111024, г. Москва, ул. Энтузиастов 2-Я, д. 5 корп. 1 ком.Н 9",,,+7 (985) 444 24 94;,16.23,Производство прочих деревянных строительных конструкций и столярных изделий,1.0,1.0,нет
6090,11579588.0,"ОБЩЕСТВО С ОГРАНИЧЕННОЙ ОТВЕТСТВЕННОСТЬЮ ""АЛВА""","ООО ""АЛВА""","OOO ""ALVA""",7731376876,773101001.0,1177746729500.0,,Садоев Давид Михайлович,"г. Москва, ул. Осенняя, д. 23 пом. I ком. 16",,,,16.10.2,"Производство пиломатериалов, профилированных по кромке; производство древесного полотна, древесной муки; производство технологической щепы или стружки",1.0,1.0,нет
6192,8515874.0,"ОБЩЕСТВО С ОГРАНИЧЕННОЙ ОТВЕТСТВЕННОСТЬЮ ""ДААРИЯ""","ООО ""ДААРИЯ""","OOO ""DAARIYA""",7718897260,771801001.0,1127746618504.0,2012-08-10,Георгица Дмитрий Михайлович,"107150, г. Москва, ул. Бойцовая, д. 22",interior-home.ru,,+7 (925) 922 07 97;,16.23,Производство прочих деревянных строительных конструкций и столярных изделий,1.0,1.0,нет
6261,7445475.0,"ОБЩЕСТВО С ОГРАНИЧЕННОЙ ОТВЕТСТВЕННОСТЬЮ ""АВА""","ООО ""АВА""",AVA COMPANY LIMITED,7718803624,771801001.0,1107746309516.0,2010-04-21,Арестов Артем Васильевич,"107076, г. Москва, ул. Краснобогатырская, д. 90 стр.1",suntara.ru,,+7 (985) 066 96 56;,16.29.1,Производство прочих деревянных изделий,1.0,1.0,нет
6414,8843039.0,"ОБЩЕСТВО С ОГРАНИЧЕННОЙ ОТВЕТСТВЕННОСТЬЮ ""КЕЙС СТАЙЛ ПЛЮС""","ООО ""КЕЙС СТАЙЛ ПЛЮС""","OOO ""KEIS STAIL PLYUS""",7724874327,772401001.0,1137746376888.0,2013-04-25,Шевко Илья Игоревич,"115516, г. Москва, ул. Бехтерева, д. 31 корп. 3 кв. 236",i5z.ru,,,16.24,Производство деревянной тары,1.0,1.0,нет
6424,7275712.0,"ОБЩЕСТВО С ОГРАНИЧЕННОЙ ОТВЕТСТВЕННОСТЬЮ ""ЭКОРУСДОМСТРОЙ""","ООО ""ЭРДСТРОЙ""","OOO ""ERDSTROI""",7743765242,774301001.0,1097746828904.0,2009-12-23,Донич Александр Владимирович,"125212, г. Москва, бульвар Кронштадтский, д. 7А стр.1",,,,16.23,Производство прочих деревянных строительных конструкций и столярных изделий,1.0,1.0,нет
6430,6166648.0,"ОБЩЕСТВО С ОГРАНИЧЕННОЙ ОТВЕТСТВЕННОСТЬЮ ""ВИЗУАЛЬНЫЕ КОММУНИКАЦИИ""","ООО ""ВИЗУАЛЬНЫЕ КОММУНИКАЦИИ""","OOO ""VIZUALNYE KOMMUNIKATSII""",7724639242,772401001.0,1077762364558.0,2007-11-12,Швыдкий Виктор Анатольевич,"117105, г. Москва, проезд Нагатинский 1-Й, д. 4 кв. 406",,,+7 (495) 797 10 07; +7 (916) 797 10 07;,16.29.14,"Производство деревянных рам для картин, фотографий, зеркал или аналогичных предметов и прочих изделий из дерева",1.0,1.0,нет
6560,8514351.0,"ОБЩЕСТВО С ОГРАНИЧЕННОЙ ОТВЕТСТВЕННОСТЬЮ ""ВОСХОД""","ООО ""ВОСХОД""","OOO ""VOSKHOD""",7715931515,771501001.0,1127746619351.0,2012-08-10,Солонникова Наталья Михайловна,"127224, г. Москва, ул. Широкая, д. 13 корп. 1",,,+7 (916) 669 18 66; +7 (909) 661 60 22;,16.10.2,"Производство пиломатериалов, профилированных по кромке; производство древесного полотна, древесной муки; производство технологической щепы или стружки",1.0,1.0,нет
6591,9777861.0,"ОБЩЕСТВО С ОГРАНИЧЕННОЙ ОТВЕТСТВЕННОСТЬЮ ""КОМПЛЕКТ САУНА""","ООО ""КОМПЛЕКТ САУНА""","OOO ""KOMPLEKT SAUNA""",7751001949,775101001.0,1157746131828.0,2015-02-26,Сагутдинов Фарид Расихович,"142131, г. Москва, Рязановское поселение, пос. Фабрики Им 1 Мая, д. 24 стр. 11",,,,16.23,Производство прочих деревянных строительных конструкций и столярных изделий,1.0,1.0,нет
6597,9767177.0,"ОБЩЕСТВО С ОГРАНИЧЕННОЙ ОТВЕТСТВЕННОСТЬЮ ""СК МАСТЕРПОЛ""","ООО ""СК МАСТЕРПОЛ""","OOO ""SK MASTERPOL""",7720293219,772001001.0,1157746149538.0,2015-02-28,Подлесных Павел Александрович,"111398, г. Москва, ул. Кусковская, д. 16 пом. I;ком. 2",,,,16.23.1,Производство деревянных строительных конструкций и столярных изделий,1.0,1.0,нет
7257,9193529.0,"ОБЩЕСТВО С ОГРАНИЧЕННОЙ ОТВЕТСТВЕННОСТЬЮ ""АЛЮДЕР-ОКНА""","ООО ""АЛЮДЕР-ОКНА""","OOO ""ALYUDER-OKNA""",7718968143,771801001.0,1147746130311.0,2014-02-14,Волков Борис Юрьевич,"107076, г. Москва, пер. Колодезный, д. 3 стр. 25",,,,16.23.1,Производство деревянных строительных конструкций и столярных изделий,1.0,1.0,нет
7394,9669174.0,"ОБЩЕСТВО С ОГРАНИЧЕННОЙ ОТВЕТСТВЕННОСТЬЮ ""СТРОЙ ТЕХ""","ООО ""СТРОЙ ТЕХ""","OOO ""STROI TEKH""",7718312880,771801001.0,5147746474805.0,2014-12-08,Коновалов Максим Владимирович,"107113, г. Москва, пл. Сокольническая, д. 4А этаж 2 пом. III ком.34",,,+7 (965) 187 55 39;,16.23,Производство прочих деревянных строительных конструкций и столярных изделий,1.0,1.0,нет
7427,9736182.0,"ОБЩЕСТВО С ОГРАНИЧЕННОЙ ОТВЕТСТВЕННОСТЬЮ ""КОСТРОМА-РУСЛЕС""","ООО ""КОСТРОМА-РУСЛЕС""","OOO ""KOSTROMA-RUSLES""",7714327491,771401001.0,1157746069117.0,2015-02-02,Макаров Александр Максимович,"125167, г. Москва, пер. Эльдорадовский, д. 4 офис 1",,,,16.10,Распиловка и строгание древесины,1.0,1.0,нет
